Buyer Name,Review,Date
Kalyani K.,this is not watterproff ,3 weeks ago
LOH K.,è¯·å¤§å®¶ä¸è¦ä¸‹å•ä¹°è´§ï¼Œæ²¡æœ‰è½½åœ¨æ‰‹è…•ä¸Šï¼Œæ”¾åœ¨åœ°ä¸Šä¹Ÿèƒ½å¤Ÿæµ‹é‡è¡€ç³–ï¼Ÿï¼Ÿï¼Ÿ ,23 Jan 2025
********255,my scroll button not working I want to return  ,04 Jan 2025
Chong H.,good and elegant  ,4 days ago
ao277340,è¿˜ä¸çŸ¥é“ ,3 days ago
K***.,overall a scam.... ,5 days ago
Zian A.,ok mantapğŸ‘ğŸ‘ ,1 day ago
Mohd H.,Design:ok  Compatibility:ok  Battery Life:zero ,26 Dec 2024
Aijimi A.,..belum set lg ! ,2 weeks ago
JAFRI B.,Ok ,3 weeks ago
tanchongyu3,Compatibilityï¼š ,3 weeks ago
Ahmad S.,Battery Life:prolong  Design:nice ,06 Jan 2025
Kenz L.,good quality ,4 weeks ago
Third-Party-User,good ,09 Feb 2025
Simon L.,Fake watch ,07 Feb 2025
B***.,nice watch ,4 weeks ago
Iqbal H.,nice and ok ,29 Jan 2025
M***.,good...tq seller ,31 Jan 2025
YASIN B.,barang ok ,03 Feb 2025
Grace,è¯´æ˜ä¹¦å†™ç€ä¸æ˜¯waterproofğŸ˜  ,02 Jan 2025
Alamin K.,to early delivery  ,23 Jan 2025
MD S.,low quality ,25 Jan 2025
M***.,Compatibilityï¼š ,17 Jan 2025
Mamun I.,good ,21 Jan 2025
********479,no good   ,12 Jan 2025
chang C.,Designï¼š ,29 Dec 2024
azemi B.,good ,26 Dec 2024
JCHIN,nice ,21 Dec 2024
